{
  "dim": 6,
  "alpha": 0.3090835805896942,
  "arms": {
    "micro": {
      "name": "micro",
      "A": [
        [
          162.0,
          135.42000000000002,
          21.053999999999974,
          17.0,
          159.0,
          161.0
        ],
        [
          135.42000000000002,
          116.15160000000006,
          17.763520000000003,
          13.379999999999999,
          133.82000000000002,
          135.42000000000002
        ],
        [
          21.053999999999974,
          17.763520000000003,
          4.285844000000001,
          1.9060000000000001,
          20.94399999999997,
          21.053999999999974
        ],
        [
          17.0,
          13.379999999999999,
          1.9060000000000001,
          18.0,
          16.0,
          17.0
        ],
        [
          159.0,
          133.82000000000002,
          20.94399999999997,
          16.0,
          160.0,
          159.0
        ],
        [
          161.0,
          135.42000000000002,
          21.053999999999974,
          17.0,
          159.0,
          162.0
        ]
      ],
      "b": [
        117.79179606750058,
        99.38422946974059,
        15.500957350128107,
        8.905572809000084,
        116.29179606750058,
        117.79179606750058
      ],
      "pulls": 161,
      "reward_sum": 117.79179606750058
    },
    "planner": {
      "name": "planner",
      "A": [
        [
          290.0,
          248.72999999999917,
          39.766000000000034,
          235.0,
          19.0,
          206.5
        ],
        [
          248.72999999999917,
          217.29570000000012,
          34.28674,
          198.75999999999945,
          17.339999999999996,
          177.82500000000007
        ],
        [
          39.766000000000034,
          34.28674,
          7.492868,
          32.47200000000003,
          2.5280000000000005,
          28.505000000000013
        ],
        [
          235.0,
          198.75999999999945,
          32.47200000000003,
          236.0,
          17.0,
          163.0
        ],
        [
          19.0,
          17.339999999999996,
          2.5280000000000005,
          17.0,
          20.0,
          19.0
        ],
        [
          206.5,
          177.82500000000007,
          28.505000000000013,
          163.0,
          19.0,
          166.25
        ]
      ],
      "b": [
        278.49705831449927,
        239.52896877072885,
        38.37151200807592,
        225.70820393249937,
        10.291796067500627,
        195.9970583144992
      ],
      "pulls": 289,
      "reward_sum": 278.49705831449927
    },
    "deep": {
      "name": "deep",
      "A": [
        [
          504.0,
          420.0999999999994,
          68.98000000000005,
          66.0,
          60.0,
          348.0
        ],
        [
          420.0999999999994,
          355.3601999999987,
          57.72124000000006,
          53.04000000000002,
          48.56000000000002,
          289.3799999999996
        ],
        [
          68.98000000000005,
          57.72124000000006,
          12.073287999999998,
          8.868000000000002,
          8.272000000000004,
          47.61600000000002
        ],
        [
          66.0,
          53.04000000000002,
          8.868000000000002,
          67.0,
          47.0,
          59.0
        ],
        [
          60.0,
          48.56000000000002,
          8.272000000000004,
          47.0,
          61.0,
          60.0
        ],
        [
          348.0,
          289.3799999999996,
          47.61600000000002,
          59.0,
          60.0,
          271.5
        ]
      ],
      "b": [
        474.96919426949927,
        397.4925101773886,
        65.17290144896792,
        44.030805730501214,
        35.2419513485014,
        319.96919426949904
      ],
      "pulls": 503,
      "reward_sum": 474.96919426949927
    }
  }
}